id_run,data,modelo,dataset,combinacao,fold,acuracia,precisao,recall,f1,auc,perda_treino
1,20260812,resnet50,CR-SameRes,img_original,1,0.967741935483871,1.0,0.9411764705882353,0.9696969696969697,1.0,0.035955476547207904
2,20260812,resnet50,CR-SameRes,img_original,2,0.9333333333333333,0.8888888888888888,1.0,0.9411764705882353,1.0,0.022402048987500808
3,20260812,resnet50,CR-SameRes,img_original,3,1.0,1.0,1.0,1.0,1.0,0.013310903108076137
4,20260812,resnet50,CR-SameRes,img_original,4,0.9666666666666667,1.0,0.9411764705882353,0.9696969696969697,1.0,0.00814725281944608
5,20260812,resnet50,CR-SameRes,img_original,5,0.9333333333333333,1.0,0.8823529411764706,0.9375,1.0,0.014852697751028281
6,20260812,resnet50,CR-SameRes,img_original,media,0.960215053763441,0.9777777777777779,0.9529411764705884,0.963614081996435,1.0,
7,20260812,resnet50,UCSB,img_original,1,0.9166666666666666,0.8333333333333334,1.0,0.9090909090909091,1.0,0.005750840935760584
8,20260812,resnet50,UCSB,img_original,2,0.8333333333333334,0.8,0.8,0.8,0.9428571428571428,0.022455965228474293
9,20260812,resnet50,UCSB,img_original,3,0.9166666666666666,1.0,0.8333333333333334,0.9090909090909091,0.8611111111111112,0.005172562158594911
10,20260812,resnet50,UCSB,img_original,4,0.8181818181818182,0.7142857142857143,1.0,0.8333333333333334,0.9666666666666667,0.004265777157762876
11,20260812,resnet50,UCSB,img_original,5,1.0,1.0,1.0,1.0,1.0,0.004878053525223946
12,20260812,resnet50,UCSB,img_original,media,0.8969696969696969,0.8695238095238096,0.9266666666666665,0.8903030303030303,0.9541269841269842,
13,20260812,resnet50,CR-SameRes,img_original,1,0.9032258064516129,1.0,0.8235294117647058,0.9032258064516129,0.9831932773109244,0.011875249208042435
14,20260812,resnet50,CR-SameRes,img_original,2,0.9333333333333333,0.8888888888888888,1.0,0.9411764705882353,0.9955357142857143,0.029213444238492085
15,20260812,resnet50,CR-SameRes,img_original,3,1.0,1.0,1.0,1.0,1.0,0.02111632892332387
16,20260812,resnet50,CR-SameRes,img_original,4,0.9666666666666667,1.0,0.9411764705882353,0.9696969696969697,1.0,0.011447390810787385
17,20260812,resnet50,CR-SameRes,img_original,5,0.9666666666666667,1.0,0.9411764705882353,0.9696969696969697,0.9728506787330317,0.012574321544710911
18,20260812,resnet50,CR-SameRes,img_original,media,0.9539784946236558,0.9777777777777779,0.9411764705882353,0.9567592432867574,0.9903159340659341,
19,20260812,resnet50,UCSB,img_original,1,0.6666666666666666,0.5555555555555556,1.0,0.7142857142857143,1.0,0.003338029023068838
20,20260812,resnet50,UCSB,img_original,2,0.9166666666666666,1.0,0.8,0.8888888888888888,0.8857142857142857,0.0028231041207431983
21,20260812,resnet50,UCSB,img_original,3,0.8333333333333334,0.8333333333333334,0.8333333333333334,0.8333333333333334,0.888888888888889,0.0035578457769961692
22,20260812,resnet50,UCSB,img_original,4,0.6363636363636364,0.5714285714285714,0.8,0.6666666666666666,0.7666666666666666,0.007936842082880246
23,20260812,resnet50,UCSB,img_original,5,1.0,1.0,1.0,1.0,1.0,0.0042009769867245965
24,20260812,resnet50,UCSB,img_original,media,0.8106060606060606,0.7920634920634921,0.8866666666666667,0.8206349206349206,0.9082539682539682,
25,20260812,resnet50,CR,img_original,1,1.0,1.0,1.0,1.0,1.0,0.0339782187282773
26,20260812,resnet50,CR,img_original,2,0.9393939393939394,0.9,1.0,0.9473684210526315,0.9851851851851852,0.007557497334866119
27,20260812,resnet50,CR,img_original,3,1.0,1.0,1.0,1.0,1.0,0.01466837915774834
28,20260812,resnet50,CR,img_original,4,1.0,1.0,1.0,1.0,1.0,0.0068759809780333725
29,20260812,resnet50,CR,img_original,5,0.9393939393939394,1.0,0.8947368421052632,0.9444444444444444,0.9924812030075189,0.0050877028968118665
30,20260812,resnet50,CR,img_original,media,0.9757575757575758,0.9800000000000001,0.9789473684210526,0.9783625730994151,0.9955332776385408,
31,20260812,resnet50,CR,recplot,1,0.8787878787878788,0.8888888888888888,0.8888888888888888,0.8888888888888888,0.9481481481481482,0.0017862040507939778
32,20260812,resnet50,CR,recplot,2,0.8181818181818182,0.7727272727272727,0.9444444444444444,0.85,0.9074074074074074,0.05937589821405709
33,20260812,resnet50,CR,recplot,3,0.9090909090909091,1.0,0.8333333333333334,0.9090909090909091,0.962962962962963,0.06511203565501741
34,20260812,resnet50,CR,recplot,4,0.9090909090909091,0.8947368421052632,0.9444444444444444,0.918918918918919,0.9185185185185185,0.10561410204640456
35,20260812,resnet50,CR,recplot,5,0.8484848484848485,0.8181818181818182,0.9473684210526315,0.8780487804878049,0.9548872180451128,0.015355967933179013
36,20260812,resnet50,CR,recplot,media,0.8727272727272727,0.8749069643806486,0.9116959064327486,0.8889894994773044,0.9383848510164301,
37,20260812,resnet50,CR,mtf,1,0.6666666666666666,0.6842105263157895,0.7222222222222222,0.7027027027027027,0.662962962962963,0.12290723262620824
38,20260812,resnet50,CR,mtf,2,0.696969696969697,0.7222222222222222,0.7222222222222222,0.7222222222222222,0.6925925925925925,0.04453942059938397
39,20260812,resnet50,CR,mtf,3,0.5757575757575758,0.6111111111111112,0.6111111111111112,0.6111111111111112,0.5888888888888889,0.04586034088528582
40,20260812,resnet50,CR,mtf,4,0.5757575757575758,0.5714285714285714,0.8888888888888888,0.6956521739130435,0.7592592592592593,0.06430427597037383
41,20260812,resnet50,CR,mtf,5,0.5757575757575758,0.631578947368421,0.631578947368421,0.631578947368421,0.618421052631579,0.06597728352062404
42,20260812,resnet50,CR,mtf,media,0.6181818181818182,0.6441102756892232,0.715204678362573,0.6726534314635002,0.6644249512670566,
43,20260812,resnet50,CR,gasf,1,0.8484848484848485,0.8823529411764706,0.8333333333333334,0.8571428571428571,0.962962962962963,0.12479813047684729
44,20260812,resnet50,CR,gasf,2,0.7575757575757576,0.7272727272727273,0.8888888888888888,0.8,0.7629629629629628,0.07536338268047464
45,20260812,resnet50,CR,gasf,3,0.8787878787878788,0.85,0.9444444444444444,0.8947368421052632,0.9370370370370371,0.0904030555726162
46,20260812,resnet50,CR,gasf,4,0.8181818181818182,0.8333333333333334,0.8333333333333334,0.8333333333333334,0.8555555555555556,0.05756213712239904
47,20260812,resnet50,CR,gasf,5,0.8484848484848485,0.9375,0.7894736842105263,0.8571428571428571,0.9699248120300752,0.17729229912427918
48,20260812,resnet50,CR,gasf,media,0.8303030303030303,0.8460918003565062,0.8578947368421053,0.8484711779448622,0.8976886661097188,
49,20260812,resnet50,CR,gadf,1,0.9090909090909091,0.8947368421052632,0.9444444444444444,0.918918918918919,0.9740740740740741,0.0649991445908589
50,20260812,resnet50,CR,gadf,2,0.8787878787878788,0.8888888888888888,0.8888888888888888,0.8888888888888888,0.9703703703703704,0.0040017835854087025
51,20260812,resnet50,CR,gadf,3,0.8181818181818182,0.875,0.7777777777777778,0.8235294117647058,0.9148148148148149,0.013771568998760943
52,20260812,resnet50,CR,gadf,4,0.8484848484848485,0.8823529411764706,0.8333333333333334,0.8571428571428571,0.9370370370370371,0.02388659298386691
53,20260812,resnet50,CR,gadf,5,0.9393939393939394,1.0,0.8947368421052632,0.9444444444444444,0.9661654135338346,0.09120601413971079
54,20260812,resnet50,CR,gadf,media,0.8787878787878789,0.9081957344341245,0.8678362573099415,0.8865849042319629,0.9524923419660263,
55,20260812,resnet50,CR,img+recplot,1,0.9696969696969697,0.9473684210526315,1.0,0.972972972972973,1.0,0.024366343684960157
56,20260812,resnet50,CR,img+recplot,2,0.8787878787878788,0.8888888888888888,0.8888888888888888,0.8888888888888888,0.9814814814814815,0.053905735773566575
57,20260812,resnet50,CR,img+recplot,3,0.9393939393939394,1.0,0.8888888888888888,0.9411764705882353,1.0,0.11973383784892835
58,20260813,resnet50,CR,img+recplot,4,0.9696969696969697,1.0,0.9444444444444444,0.9714285714285714,1.0,0.007514247978438756
59,20260813,resnet50,CR,img+recplot,5,0.9696969696969697,1.0,0.9473684210526315,0.972972972972973,0.9962406015037595,0.006845166873452919
60,20260813,resnet50,CR,img+recplot,media,0.9454545454545455,0.967251461988304,0.9339181286549708,0.9494879753703284,0.9955444165970482,
61,20260813,resnet50,CR,img+mtf,1,0.9696969696969697,1.0,0.9444444444444444,0.9714285714285714,0.9962962962962963,0.05474600844484355
62,20260813,resnet50,CR,img+mtf,2,0.9696969696969697,0.9473684210526315,1.0,0.972972972972973,0.962962962962963,0.019427697581704706
63,20260813,resnet50,CR,img+mtf,3,0.9393939393939394,0.9444444444444444,0.9444444444444444,0.9444444444444444,0.9925925925925926,0.011824141892637792
64,20260813,resnet50,CR,img+mtf,4,0.9696969696969697,0.9473684210526315,1.0,0.972972972972973,0.9962962962962963,0.00998035489049341
65,20260813,resnet50,CR,img+mtf,5,0.9696969696969697,0.95,1.0,0.9743589743589743,0.9924812030075189,0.01251189609008309
66,20260813,resnet50,CR,img+mtf,media,0.9636363636363636,0.9578362573099414,0.9777777777777779,0.9672355872355872,0.9881258702311333,
67,20260813,resnet50,CR,img+gasf,1,1.0,1.0,1.0,1.0,1.0,0.027985734108369797
68,20260813,resnet50,CR,img+gasf,2,0.9696969696969697,0.9473684210526315,1.0,0.972972972972973,1.0,0.006354711159864175
69,20260813,resnet50,CR,img+gasf,3,0.9696969696969697,0.9473684210526315,1.0,0.972972972972973,1.0,0.027836952799199417
70,20260813,resnet50,CR,img+gasf,4,1.0,1.0,1.0,1.0,1.0,0.011649998813352016
71,20260813,resnet50,CR,img+gasf,5,1.0,1.0,1.0,1.0,1.0,0.06021872804766255
72,20260813,resnet50,CR,img+gasf,media,0.9878787878787879,0.9789473684210526,1.0,0.9891891891891891,1.0,
73,20260813,resnet50,CR,img+gadf,1,0.9696969696969697,0.9473684210526315,1.0,0.972972972972973,1.0,0.012583084920022105
74,20260813,resnet50,CR,img+gadf,2,0.9393939393939394,0.9,1.0,0.9473684210526315,1.0,0.004049334519160246
75,20260813,resnet50,CR,img+gadf,3,0.9696969696969697,0.9473684210526315,1.0,0.972972972972973,0.9962962962962963,0.03708997042433891
76,20260813,resnet50,CR,img+gadf,4,0.9696969696969697,0.9473684210526315,1.0,0.972972972972973,1.0,0.07456789024373782
77,20260813,resnet50,CR,img+gadf,5,0.9696969696969697,1.0,0.9473684210526315,0.972972972972973,1.0,0.00925364184825282
78,20260813,resnet50,CR,img+gadf,media,0.9636363636363636,0.9484210526315788,0.9894736842105264,0.9678520625889047,0.9992592592592594,
79,20260813,resnet50,CR,img+recplot+mtf,1,0.8484848484848485,0.782608695652174,1.0,0.8780487804878049,0.9777777777777779,0.03910684099953089
80,20260813,resnet50,CR,img+recplot+mtf,2,1.0,1.0,1.0,1.0,1.0,0.035045890154183974
81,20260813,resnet50,CR,img+recplot+mtf,3,0.9393939393939394,0.9,1.0,0.9473684210526315,0.9888888888888889,0.022520172143621103
82,20260813,resnet50,CR,img+recplot+mtf,4,0.9696969696969697,1.0,0.9444444444444444,0.9714285714285714,0.9962962962962963,0.0335684130633516
83,20260813,resnet50,CR,img+recplot+mtf,5,0.9393939393939394,0.9473684210526315,0.9473684210526315,0.9473684210526315,0.9962406015037595,0.03094018716365099
84,20260813,resnet50,CR,img+recplot+mtf,media,0.9393939393939394,0.9259954233409611,0.9783625730994153,0.9488428388043278,0.9918407128933445,
85,20260813,resnet50,CR,img+recplot+gasf,1,0.9393939393939394,0.9,1.0,0.9473684210526315,0.9740740740740741,0.07418777208243098
86,20260813,resnet50,CR,img+recplot+gasf,2,0.9090909090909091,0.8947368421052632,0.9444444444444444,0.918918918918919,0.9925925925925926,0.007654508326335677
87,20260813,resnet50,CR,img+recplot+gasf,3,0.9393939393939394,1.0,0.8888888888888888,0.9411764705882353,0.9925925925925926,0.08564362521948558
88,20260813,resnet50,CR,img+recplot+gasf,4,0.9696969696969697,1.0,0.9444444444444444,0.9714285714285714,0.9962962962962963,0.018399317865259945
89,20260813,resnet50,CR,img+recplot+gasf,5,0.9393939393939394,0.9473684210526315,0.9473684210526315,0.9473684210526315,0.981203007518797,0.022650147904641926
90,20260813,resnet50,CR,img+recplot+gasf,media,0.9393939393939394,0.948421052631579,0.9450292397660819,0.9452521606081978,0.9873517126148705,
91,20260813,resnet50,CR,img+recplot+gadf,1,0.9090909090909091,0.9411764705882353,0.8888888888888888,0.9142857142857143,0.9925925925925926,0.01985969641412209
92,20260813,resnet50,CR,img+recplot+gadf,2,0.9393939393939394,0.9444444444444444,0.9444444444444444,0.9444444444444444,0.9925925925925926,0.001582717491796107
93,20260813,resnet50,CR,img+recplot+gadf,3,0.9393939393939394,0.9,1.0,0.9473684210526315,0.9925925925925926,0.0797541796761964
94,20260813,resnet50,CR,img+recplot+gadf,4,0.9393939393939394,0.9444444444444444,0.9444444444444444,0.9444444444444444,0.9925925925925926,0.06759255954862706
95,20260813,resnet50,CR,img+recplot+gadf,5,0.9090909090909091,1.0,0.8421052631578947,0.9142857142857143,0.9887218045112782,0.005686599337163248
96,20260813,resnet50,CR,img+recplot+gadf,media,0.9272727272727274,0.9460130718954248,0.9239766081871345,0.9329657477025899,0.9918184349763297,
97,20260813,resnet50,CR,img+mtf+gasf,1,0.9393939393939394,0.9444444444444444,0.9444444444444444,0.9444444444444444,0.9740740740740741,0.03568718137934671
98,20260813,resnet50,CR,img+mtf+gasf,2,0.9393939393939394,0.9,1.0,0.9473684210526315,1.0,0.020680184908477322
99,20260813,resnet50,CR,img+mtf+gasf,3,0.9696969696969697,0.9473684210526315,1.0,0.972972972972973,0.9925925925925926,0.008924213791033253
100,20260813,resnet50,CR,img+mtf+gasf,4,0.9696969696969697,1.0,0.9444444444444444,0.9714285714285714,0.9925925925925926,0.04010108530720962
101,20260813,resnet50,CR,img+mtf+gasf,5,0.9696969696969697,0.95,1.0,0.9743589743589743,0.9962406015037595,0.039744154999165664
102,20260813,resnet50,CR,img+mtf+gasf,media,0.9575757575757576,0.9483625730994152,0.9777777777777779,0.9621146768515191,0.9910999721526037,
103,20260813,resnet50,CR,img+mtf+gadf,1,0.9393939393939394,0.9,1.0,0.9473684210526315,1.0,0.01778923503505731
104,20260813,resnet50,CR,img+mtf+gadf,2,0.9090909090909091,0.8571428571428571,1.0,0.9230769230769231,0.9962962962962963,0.020052461776815887
105,20260813,resnet50,CR,img+mtf+gadf,3,0.9696969696969697,0.9473684210526315,1.0,0.972972972972973,1.0,0.026252719357476702
106,20260813,resnet50,CR,img+mtf+gadf,4,1.0,1.0,1.0,1.0,1.0,0.003024645330567312
107,20260813,resnet50,CR,img+mtf+gadf,5,0.7878787878787878,1.0,0.631578947368421,0.7741935483870968,1.0,0.026517382835403884
108,20260813,resnet50,CR,img+mtf+gadf,media,0.9212121212121213,0.9409022556390976,0.9263157894736842,0.923522373097925,0.9992592592592594,
109,20260813,resnet50,CR,img+gasf+gadf,1,1.0,1.0,1.0,1.0,1.0,0.06409823053815801
110,20260813,resnet50,CR,img+gasf+gadf,2,1.0,1.0,1.0,1.0,1.0,0.014462767451602434
111,20260813,resnet50,CR,img+gasf+gadf,3,0.9696969696969697,0.9473684210526315,1.0,0.972972972972973,1.0,0.004206767264154873
112,20260813,resnet50,CR,img+gasf+gadf,4,1.0,1.0,1.0,1.0,1.0,0.021707100477734848
113,20260813,resnet50,CR,img+gasf+gadf,5,0.7575757575757576,1.0,0.5789473684210527,0.7333333333333333,0.9736842105263158,0.039173202930084826
114,20260813,resnet50,CR,img+gasf+gadf,media,0.9454545454545455,0.9894736842105264,0.9157894736842106,0.9412612612612612,0.9947368421052631,
115,20260813,resnet50,CR,img+recplot+mtf+gasf,1,1.0,1.0,1.0,1.0,1.0,0.023806264374538193
116,20260813,resnet50,CR,img+recplot+mtf+gasf,2,0.9696969696969697,1.0,0.9444444444444444,0.9714285714285714,0.9962962962962963,0.020274046920738847
117,20260813,resnet50,CR,img+recplot+mtf+gasf,3,0.9393939393939394,0.9,1.0,0.9473684210526315,0.9851851851851852,0.0672372208376016
118,20260813,resnet50,CR,img+recplot+mtf+gasf,4,0.9393939393939394,0.9,1.0,0.9473684210526315,0.9666666666666667,0.03580686789272087
119,20260813,resnet50,CR,img+recplot+mtf+gasf,5,0.9090909090909091,0.8636363636363636,1.0,0.926829268292683,0.9887218045112782,0.0922118372483445
120,20260813,resnet50,CR,img+recplot+mtf+gasf,media,0.9515151515151515,0.9327272727272726,0.9888888888888889,0.9585989363653035,0.9873739905318853,
121,20260813,resnet50,CR,img+recplot+mtf+gadf,1,0.9090909090909091,0.8571428571428571,1.0,0.9230769230769231,1.0,0.01079289916171027
122,20260813,resnet50,CR,img+recplot+mtf+gadf,2,0.696969696969697,0.6428571428571429,1.0,0.782608695652174,0.9555555555555556,0.07718332830284323
123,20260813,resnet50,CR,img+recplot+mtf+gadf,3,0.9090909090909091,0.8947368421052632,0.9444444444444444,0.918918918918919,0.9851851851851852,0.04370019445195794
124,20260813,resnet50,CR,img+recplot+mtf+gadf,4,0.9696969696969697,1.0,0.9444444444444444,0.9714285714285714,1.0,0.013143713411409408
125,20260813,resnet50,CR,img+recplot+mtf+gadf,5,0.9696969696969697,0.95,1.0,0.9743589743589743,0.9924812030075189,0.008866572095679917
126,20260813,resnet50,CR,img+recplot+mtf+gadf,media,0.890909090909091,0.8689473684210526,0.9777777777777779,0.9140784166871123,0.9866443887496519,
127,20260813,resnet50,CR,img+recplot+gasf+gadf,1,0.8787878787878788,0.8181818181818182,1.0,0.9,0.9851851851851852,0.04594387423380145
128,20260813,resnet50,CR,img+recplot+gasf+gadf,2,0.8484848484848485,0.782608695652174,1.0,0.8780487804878049,0.962962962962963,0.03688134578987956
129,20260813,resnet50,CR,img+recplot+gasf+gadf,3,0.9393939393939394,0.9,1.0,0.9473684210526315,1.0,0.029331230159316744
130,20260813,resnet50,CR,img+recplot+gasf+gadf,4,1.0,1.0,1.0,1.0,1.0,0.03518098293404494
131,20260813,resnet50,CR,img+recplot+gasf+gadf,5,0.8181818181818182,0.9333333333333333,0.7368421052631579,0.8235294117647058,0.9661654135338347,0.02543275209609419
132,20260813,resnet50,CR,img+recplot+gasf+gadf,media,0.8969696969696971,0.886824769433465,0.9473684210526315,0.9097893226610285,0.9828627123363965,
133,20260813,resnet50,CR,img+mtf+gasf+gadf,1,0.8787878787878788,0.8181818181818182,1.0,0.9,1.0,0.008890800537691186
134,20260813,resnet50,CR,img+mtf+gasf+gadf,2,1.0,1.0,1.0,1.0,1.0,0.047823219859440415
135,20260813,resnet50,CR,img+mtf+gasf+gadf,3,0.9696969696969697,1.0,0.9444444444444444,0.9714285714285714,0.9851851851851852,0.017237703332544436
136,20260813,resnet50,CR,img+mtf+gasf+gadf,4,1.0,1.0,1.0,1.0,1.0,0.02761679909391595
137,20260813,resnet50,CR,img+mtf+gasf+gadf,5,0.9696969696969697,1.0,0.9473684210526315,0.972972972972973,0.9924812030075189,0.0608289895712265
138,20260813,resnet50,CR,img+mtf+gasf+gadf,media,0.9636363636363636,0.9636363636363636,0.9783625730994153,0.968880308880309,0.9955332776385408,
139,20260813,resnet50,CR,img+recplot+mtf+gasf+gadf,1,0.9090909090909091,0.8571428571428571,1.0,0.9230769230769231,0.9703703703703704,0.015542324200006468
140,20260813,resnet50,CR,img+recplot+mtf+gasf+gadf,2,0.9090909090909091,0.8571428571428571,1.0,0.9230769230769231,1.0,0.03927126039551305
141,20260813,resnet50,CR,img+recplot+mtf+gasf+gadf,3,0.9393939393939394,0.9444444444444444,0.9444444444444444,0.9444444444444444,0.9814814814814815,0.03782587778654748
142,20260813,resnet50,CR,img+recplot+mtf+gasf+gadf,4,0.9393939393939394,0.9,1.0,0.9473684210526315,0.9925925925925926,0.019776604229783907
143,20260813,resnet50,CR,img+recplot+mtf+gasf+gadf,5,0.9090909090909091,0.9,0.9473684210526315,0.9230769230769231,0.9699248120300752,0.04265693868676733
144,20260813,resnet50,CR,img+recplot+mtf+gasf+gadf,media,0.9212121212121213,0.8917460317460317,0.9783625730994153,0.932208726945569,0.9828738512949039,
145,20260813,resnet50,CR,recplot+mtf,1,0.8181818181818182,0.8333333333333334,0.8333333333333334,0.8333333333333334,0.9296296296296296,0.17942495178431273
146,20260813,resnet50,CR,recplot+mtf,2,0.7878787878787878,0.7894736842105263,0.8333333333333334,0.8108108108108109,0.8703703703703705,0.042853868167315214
147,20260813,resnet50,CR,recplot+mtf,3,0.8484848484848485,0.8421052631578947,0.8888888888888888,0.8648648648648649,0.9407407407407408,0.004545760424142438
148,20260813,resnet50,CR,recplot+mtf,4,0.8787878787878788,0.8888888888888888,0.8888888888888888,0.8888888888888888,0.9666666666666667,0.02732981913556744
149,20260813,resnet50,CR,recplot+mtf,5,0.8484848484848485,0.8181818181818182,0.9473684210526315,0.8780487804878049,0.9473684210526315,0.018066472939348648
150,20260813,resnet50,CR,recplot+mtf,media,0.8363636363636363,0.8343965975544922,0.8783625730994151,0.8551893356771407,0.9309551656920079,
151,20260813,resnet50,CR,recplot+gasf,1,0.7878787878787878,0.7619047619047619,0.8888888888888888,0.8205128205128205,0.9222222222222222,0.04315173898690513
152,20260813,resnet50,CR,recplot+gasf,2,0.9090909090909091,0.8571428571428571,1.0,0.9230769230769231,0.9407407407407408,0.0026016142177728136
153,20260813,resnet50,CR,recplot+gasf,3,0.8484848484848485,0.8421052631578947,0.8888888888888888,0.8648648648648649,0.9222222222222223,0.07260975550993212
154,20260813,resnet50,CR,recplot+gasf,4,0.9090909090909091,0.8947368421052632,0.9444444444444444,0.918918918918919,0.951851851851852,0.03321790175063403
155,20260813,resnet50,CR,recplot+gasf,5,0.9393939393939394,0.9047619047619048,1.0,0.95,0.9736842105263158,0.0015661943471059203
156,20260813,resnet50,CR,recplot+gasf,media,0.8787878787878789,0.8521303258145364,0.9444444444444444,0.8954747054747054,0.9421442495126706,
157,20260813,resnet50,CR,recplot+gadf,1,0.8484848484848485,0.8823529411764706,0.8333333333333334,0.8571428571428571,0.9481481481481482,0.018515839964883134
158,20260813,resnet50,CR,recplot+gadf,2,0.9090909090909091,0.8947368421052632,0.9444444444444444,0.918918918918919,0.8962962962962964,0.06265019133154835
159,20260813,resnet50,CR,recplot+gadf,3,0.8181818181818182,0.7727272727272727,0.9444444444444444,0.85,0.9074074074074074,0.0716624520885359
160,20260813,resnet50,CR,recplot+gadf,4,0.9393939393939394,0.9444444444444444,0.9444444444444444,0.9444444444444444,0.9666666666666668,0.06050058218118336
161,20260813,resnet50,CR,recplot+gadf,5,0.7575757575757576,0.9230769230769231,0.631578947368421,0.75,0.9097744360902255,0.09083858055860869
162,20260813,resnet50,CR,recplot+gadf,media,0.8545454545454545,0.8834676847060748,0.8596491228070177,0.8641012441012441,0.9256585909217488,
163,20260813,resnet50,CR,mtf+gasf,1,0.7272727272727273,0.7142857142857143,0.8333333333333334,0.7692307692307693,0.7962962962962963,0.04731041671974318
164,20260813,resnet50,CR,mtf+gasf,2,0.6666666666666666,0.6842105263157895,0.7222222222222222,0.7027027027027027,0.737037037037037,0.006693386173407946
165,20260813,resnet50,CR,mtf+gasf,3,0.5454545454545454,0.6363636363636364,0.3888888888888889,0.4827586206896552,0.6333333333333333,0.15893458890994744
166,20260813,resnet50,CR,mtf+gasf,4,0.7272727272727273,0.68,0.9444444444444444,0.7906976744186046,0.8185185185185185,0.04902311792830005
